ID,First Name,Last Name,Gender,Email,CardNumber
1,Adelaide,Cunningham,Female,a.cunningham@randatmail.com,13
2,Charlie,Roberts,Male,c.roberts@randatmail.com,22
3,Eric,Cooper,Male,e.cooper@randatmail.com,33
4,Cadie,Hall,Female,c.hall@randatmail.com,43
5,Darcy,Howard,Female,d.howard@randatmail.com,52
6,Connie,West,Female,c.west@randatmail.com,61
7,Lyndon,Ellis,Male,l.ellis@randatmail.com,72
8,Amy,Hamilton,Female,a.hamilton@randatmail.com,82
9,Kelvin,Wilson,Male,k.wilson@randatmail.com,93
10,Arianna,Watson,Female,a.watson@randatmail.com,0
11,Lydia,Farrell,Female,l.farrell@randatmail.com,113
12,Ada,Harris,Female,a.harris@randatmail.com,122
13,Sarah,Wilson,Female,s.wilson@randatmail.com,131
14,Nicole,Phillips,Female,n.phillips@randatmail.com,143
15,Maddie,Anderson,Female,m.anderson@randatmail.com,153
16,Brad,Alexander,Male,b.alexander@randatmail.com,161
17,Lucia,Spencer,Female,l.spencer@randatmail.com,172
18,Freddie,Ellis,Male,f.ellis@randatmail.com,183
19,Hailey,Moore,Female,h.moore@randatmail.com,192
20,Kelsey,Morrison,Female,k.morrison@randatmail.com,202
21,Elise,Russell,Female,e.russell@randatmail.com,213
22,Mike,Crawford,Male,m.crawford@randatmail.com,223
23,Amy,Murray,Female,a.murray@randatmail.com,232
24,Amanda,Gray,Female,a.gray@randatmail.com,242
25,Myra,Morgan,Female,m.morgan@randatmail.com,251
26,Miley,Rogers,Female,m.rogers@randatmail.com,263
27,Kate,Morrison,Female,k.morrison@randatmail.com,272
28,Luke,Craig,Male,l.craig@randatmail.com,281
29,Michael,Miller,Male,m.miller@randatmail.com,292
30,Paige,Elliott,Female,p.elliott@randatmail.com,301
31,Gianna,Warren,Female,g.warren@randatmail.com,313
32,Lydia,Campbell,Female,l.campbell@randatmail.com,322
33,Anna,Barrett,Female,a.barrett@randatmail.com,332
34,Connie,Phillips,Female,c.phillips@randatmail.com,343
35,Briony,Mason,Female,b.mason@randatmail.com,351
36,Lucy,Morrison,Female,l.morrison@randatmail.com,363
37,Deanna,Higgins,Female,d.higgins@randatmail.com,371
38,David,Richards,Male,d.richards@randatmail.com,383
39,Ada,Brown,Female,a.brown@randatmail.com,392
40,Maria,Thomas,Female,m.thomas@randatmail.com,402
41,Fiona,Walker,Female,f.walker@randatmail.com,412
42,Alisa,Harris,Female,a.harris@randatmail.com,422
43,Kate,Harris,Female,k.harris@randatmail.com,431
44,Cadie,Roberts,Female,c.roberts@randatmail.com,442
45,Ryan,Montgomery,Male,r.montgomery@randatmail.com,451
46,Henry,Henderson,Male,h.henderson@randatmail.com,462
47,Sabrina,West,Female,s.west@randatmail.com,473
48,Adison,Murphy,Male,a.murphy@randatmail.com,483
49,Adison,Ellis,Male,a.ellis@randatmail.com,491
50,Adrianna,Walker,Female,a.walker@randatmail.com,503
51,Miranda,Hill,Female,m.hill@randatmail.com,512
52,Jasmine,Tucker,Female,j.tucker@randatmail.com,521
53,Jack,Alexander,Male,j.alexander@randatmail.com,533
54,David,Lloyd,Male,d.lloyd@randatmail.com,542
55,Sofia,Montgomery,Female,s.montgomery@randatmail.com,552
56,Alisa,Wilson,Female,a.wilson@randatmail.com,562
57,Deanna,Richardson,Female,d.richardson@randatmail.com,0
58,Sydney,Miller,Female,s.miller@randatmail.com,582
59,Spike,Jones,Male,s.jones@randatmail.com,592
60,Ashton,Barrett,Male,a.barrett@randatmail.com,603
61,Reid,Kelley,Male,r.kelley@randatmail.com,612
62,Ellia,Smith,Female,e.smith@randatmail.com,622
63,Jacob,Wright,Male,j.wright@randatmail.com,632
64,Darcy,Morris,Female,d.morris@randatmail.com,641
65,Naomi,Johnson,Female,n.johnson@randatmail.com,651
66,Reid,Richardson,Male,r.richardson@randatmail.com,662
67,Daryl,Foster,Male,d.foster@randatmail.com,672
68,Adam,Carter,Male,a.carter@randatmail.com,683
69,Abraham,Cooper,Male,a.cooper@randatmail.com,692
70,Heather,Riley,Female,h.riley@randatmail.com,701
71,Miller,Cameron,Male,m.cameron@randatmail.com,713
72,Deanna,Myers,Female,d.myers@randatmail.com,722
73,Stuart,Andrews,Male,s.andrews@randatmail.com,733
74,Oscar,Ferguson,Male,o.ferguson@randatmail.com,742
75,Amelia,Morgan,Female,a.morgan@randatmail.com,753
76,Tiana,Russell,Female,t.russell@randatmail.com,763
77,Myra,Martin,Female,m.martin@randatmail.com,773
78,Lucy,Richards,Female,l.richards@randatmail.com,782
79,Jack,Evans,Male,j.evans@randatmail.com,791
80,Catherine,Ferguson,Female,c.ferguson@randatmail.com,803
81,Bruce,Hunt,Male,b.hunt@randatmail.com,812
82,Tony,Moore,Male,t.moore@randatmail.com,822
83,Alissa,Payne,Female,a.payne@randatmail.com,831
84,Arthur,Anderson,Male,a.anderson@randatmail.com,0
85,Aldus,Carroll,Male,a.carroll@randatmail.com,853
86,Paige,Andrews,Female,p.andrews@randatmail.com,861
87,Melanie,Cameron,Female,m.cameron@randatmail.com,871
88,Adele,Barnes,Female,a.barnes@randatmail.com,882
89,Adam,Elliott,Male,a.elliott@randatmail.com,891
90,Adam,Farrell,Male,a.farrell@randatmail.com,901
91,William,Lloyd,Male,w.lloyd@randatmail.com,913
92,Victor,Ferguson,Male,v.ferguson@randatmail.com,923
93,Alan,Phillips,Male,a.phillips@randatmail.com,932
94,George,Allen,Male,g.allen@randatmail.com,943
95,Jared,Hill,Male,j.hill@randatmail.com,951
96,Catherine,Myers,Female,c.myers@randatmail.com,961
97,Alexia,Robinson,Female,a.robinson@randatmail.com,972
98,Lucia,Miller,Female,l.miller@randatmail.com,981
99,Abraham,Mason,Male,a.mason@randatmail.com,991
100,Connie,Gibson,Female,c.gibson@randatmail.com,1003
101,Abigail,Lloyd,Female,a.lloyd@randatmail.com,1011
102,Miranda,Richardson,Female,m.richardson@randatmail.com,1021
103,Alen,Murphy,Male,a.murphy@randatmail.com,1032
104,Arthur,Andrews,Male,a.andrews@randatmail.com,1043
105,Clark,Stewart,Male,c.stewart@randatmail.com,1053
106,Abigail,Myers,Female,a.myers@randatmail.com,1063
107,Briony,Edwards,Female,b.edwards@randatmail.com,1073
108,Sophia,Russell,Female,s.russell@randatmail.com,1082
109,Jenna,Clark,Female,j.clark@randatmail.com,0
110,Maria,Crawford,Female,m.crawford@randatmail.com,1101
111,Arthur,Wells,Male,a.wells@randatmail.com,1112
112,Abraham,Armstrong,Male,a.armstrong@randatmail.com,1121
113,Samantha,Mason,Female,s.mason@randatmail.com,1132
114,Rubie,Thompson,Female,r.thompson@randatmail.com,1143
115,Sabrina,Foster,Female,s.foster@randatmail.com,1152
116,Miranda,Howard,Female,m.howard@randatmail.com,1161
117,Valeria,Montgomery,Female,v.montgomery@randatmail.com,1172
118,Aldus,Carter,Male,a.carter@randatmail.com,1181
119,Frederick,Evans,Male,f.evans@randatmail.com,1191
120,Eleanor,Douglas,Female,e.douglas@randatmail.com,1201
121,Wilson,Higgins,Male,w.higgins@randatmail.com,1211
122,Paige,Kelley,Female,p.kelley@randatmail.com,1223
123,Amber,Brooks,Female,a.brooks@randatmail.com,1231
124,Preston,Payne,Male,p.payne@randatmail.com,1242
125,Ashton,Hill,Male,a.hill@randatmail.com,1251
126,Madaline,Roberts,Female,m.roberts@randatmail.com,1262
127,Lucy,Richardson,Female,l.richardson@randatmail.com,1272
128,Aiden,Moore,Male,a.moore@randatmail.com,1283
129,Mary,Ellis,Female,m.ellis@randatmail.com,1292
130,Joyce,Baker,Female,j.baker@randatmail.com,1303
131,Miller,Moore,Male,m.moore@randatmail.com,1311
132,Michelle,Morrison,Female,m.morrison@randatmail.com,1322
133,Sydney,Taylor,Female,s.taylor@randatmail.com,1332
134,Jacob,Cooper,Male,j.cooper@randatmail.com,1341
135,Harold,Myers,Male,h.myers@randatmail.com,1352
136,Justin,Montgomery,Male,j.montgomery@randatmail.com,1362
137,Justin,Thompson,Male,j.thompson@randatmail.com,1373
138,Daryl,Watson,Male,d.watson@randatmail.com,1383
139,Tara,Barrett,Female,t.barrett@randatmail.com,0
140,Arianna,Barnes,Female,a.barnes@randatmail.com,1403
141,Kirsten,Harper,Female,k.harper@randatmail.com,1413
142,Valeria,Barnes,Female,v.barnes@randatmail.com,1421
143,Chloe,Barnes,Female,c.barnes@randatmail.com,1433
144,Alexia,Moore,Female,a.moore@randatmail.com,1443
145,Roman,Hunt,Male,r.hunt@randatmail.com,1451
146,Charlie,Higgins,Male,c.higgins@randatmail.com,1462
147,Vanessa,Dixon,Female,v.dixon@randatmail.com,1473
148,William,Warren,Male,w.warren@randatmail.com,1481
149,Olivia,Alexander,Female,o.alexander@randatmail.com,1493
150,Daniel,Foster,Male,d.foster@randatmail.com,1502
151,Lydia,Robinson,Female,l.robinson@randatmail.com,1512
152,Amelia,Moore,Female,a.moore@randatmail.com,1522
153,Lucia,Morgan,Female,l.morgan@randatmail.com,1533
154,Darcy,Wright,Female,d.wright@randatmail.com,1543
155,Dainton,Chapman,Male,d.chapman@randatmail.com,1552
156,Penelope,Roberts,Female,p.roberts@randatmail.com,1563
157,Kellan,Mason,Male,k.mason@randatmail.com,1572
158,Owen,Ferguson,Male,o.ferguson@randatmail.com,1583
159,Elise,Walker,Female,e.walker@randatmail.com,1593
160,David,Hamilton,Male,d.hamilton@randatmail.com,0
161,Dominik,Gray,Male,d.gray@randatmail.com,1612
162,Violet,Thomas,Female,v.thomas@randatmail.com,1623
163,Aston,Crawford,Male,a.crawford@randatmail.com,1631
164,Rebecca,Morris,Female,r.morris@randatmail.com,1643
165,Connie,Campbell,Female,c.campbell@randatmail.com,1651
166,Charlie,Elliott,Male,c.elliott@randatmail.com,1663
167,Alissa,Ferguson,Female,a.ferguson@randatmail.com,1671
168,Jasmine,Davis,Female,j.davis@randatmail.com,1683
169,Aida,Harrison,Female,a.harrison@randatmail.com,1693
170,Marcus,Davis,Male,m.davis@randatmail.com,1702
171,Walter,Craig,Male,w.craig@randatmail.com,1713
172,Lucas,Howard,Male,l.howard@randatmail.com,1722
173,Isabella,Miller,Female,i.miller@randatmail.com,1731
174,Rubie,Allen,Female,r.allen@randatmail.com,1741
175,Kelsey,Spencer,Female,k.spencer@randatmail.com,1752
176,Dainton,Parker,Male,d.parker@randatmail.com,1763
177,Kevin,Adams,Male,k.adams@randatmail.com,1773
178,Derek,Campbell,Male,d.campbell@randatmail.com,1782
179,James,Richardson,Male,j.richardson@randatmail.com,1792
180,Roland,Johnson,Male,r.johnson@randatmail.com,1802
181,Melissa,Walker,Female,m.walker@randatmail.com,1812
182,William,Kelly,Male,w.kelly@randatmail.com,1822
183,Melanie,Williams,Female,m.williams@randatmail.com,1832
184,Martin,Morris,Male,m.morris@randatmail.com,1842
185,Robert,Cunningham,Male,r.cunningham@randatmail.com,1853
186,Albert,Roberts,Male,a.roberts@randatmail.com,0
187,Olivia,Cameron,Female,o.cameron@randatmail.com,1873
188,Sienna,Bennett,Female,s.bennett@randatmail.com,1881
189,Victoria,Howard,Female,v.howard@randatmail.com,1891
190,William,West,Male,w.west@randatmail.com,1901
191,Fiona,Alexander,Female,f.alexander@randatmail.com,1913
192,Kristian,Walker,Male,k.walker@randatmail.com,1922
193,Naomi,Higgins,Female,n.higgins@randatmail.com,1931
194,Stuart,Mason,Male,s.mason@randatmail.com,1943
195,Brad,Jones,Male,b.jones@randatmail.com,1953
196,Alexander,Cooper,Male,a.cooper@randatmail.com,1963
197,Ned,Ryan,Male,n.ryan@randatmail.com,1972
198,Audrey,Murray,Female,a.murray@randatmail.com,0
199,Caroline,Anderson,Female,c.anderson@randatmail.com,1991
200,Marcus,Parker,Male,m.parker@randatmail.com,2002201201201,Thomas,Buckley,Male,thomas@gmail.com,2011
202,Hannah,Wheeler,Female,hannah@gmail.com,2021
203,Jun,Pesut,Male,jun@gmail.com,2031
204,Kiung,Na,Male,kiung@gmail.com,2041
205,Andrew,Kim,Male,andrew@gmail.com,2051
206,Heather,Oakes,Female,heather@gmail.com,2061
207,Jasmine,Hctibdab,Female,jasmine@gmail.com,2071
